Periodo,Instituição,Disciplina,Nucleo,Curso,Carga Horaria,Docente,Titulação,Ementa
5,PUC Minas,FUNDAMENTOS DE FINANÇAS CORPORATIVAS,Finanças e Contabilidade,Ciencias Economicas,80,,,
5,PUC Minas,ORGANIZAÇÃO INDUSTRIAL,Teoria Econômica,Ciencias Economicas,80,,,"# Disciplina: 60640 - ORGANIZAÇÃO INDUSTRIAL

**Período:** 5

**Turno:** MANHÃ

**Carga Horária:**
*   PRÁTICA 40 h/a
*   TEÓRICA 40 h/a
*   **TOTAL 80 h/a (66.66 horas)**

---

## Ementa
Oligopólios. Equilíbrio geral com trocas. Equilíbrio geral com produção. As falhas de mercado: assimetria de informações; externalidades e bens públicos. Introdução a teoria dos contratos. Mercados contestáveis. Custos de transação. Falhas de governo. Introdução a regulação e políticas antitruste.

## Objetivos
**OBJETIVO GERAL**
Fornecer conhecimento sobre instrumentos de análise das organizações industrial e as falhas de eficiência das estruturas de mercado.

**OBJETIVOS ESPECÍFICOS**
*   Analisar modelos de oligopólios e seu equilíbrio
*   Analisar o equilíbrio geral com trocas e com produção
*   Destacar falhas de mercado e seu tratamento
*   Desenvolver conhecimentos a cerca da teoria de contrato e mercados contestáveis
*   Destacar aspectos sobre custos de transação
*   Destacar falhas de governo
*   Introduzir conceitos de regulação e políticas antitruste
*   Instrumentalizar os aspectos abordados de organização industrial no programa de computador Python

## Métodos Didáticos
*   Aulas expositivas com auxílio de instrumentais multimídia
*   Exercícios e trabalhos dirigidos
*   Aulas práticas em laboratório de informática, gameficação com plataformas online

## Unidades de Ensino
**Unidade 0 - Nivelamento - Conceitos Microeconômicos e matemáticos**

**Unidade 1 - Oligopólio**

**Unidade 2 - Equilíbrio Geral**

**Unidade 3 - Falhas de Mercado**

**Unidade 4 - Introdução à teoria dos contratos**

**Unidade 5 - Introdução à regulação e políticas antitruste**

## Processo de Avaliação
1.  1ª prova parcial: 20 pontos
2.  2ª prova parcial: 20 pontos
3.  Trabalhos: 30 pontos
4.  Prova global: 30 pontos
5.  Reavaliação: 30 pontos (substitui a nota da prova global, para os alunos que não alcançaram o mínimo necessário para a aprovação)

## Descrição da Bibliografia Básica
*   KUPFER, David; HASENCLEVER, Lia. Economia industrial: fundamentos teóricos e práticas no Brasil. 3. ed. rev. e ampl. São Paulo, SP: Atlas, 2020. E-book. ISBN 9788595157194.
*   PINDYCK, Robert S.; RUBINFELD, Daniel L. Microeconomia. 8. ed. São Paulo, SP: Pearson Education do Brasil, c2014. E-book. ISBN 9788543000282.
*   REVISTA BRASILEIRA DE ECONOMIA DE EMPRESAS. Brasília: UCB, Pró-Reitoria de Pós-Graduação e Pesquisa, 2001-. Quadrimestral. ISSN 2236-9775 versão on-line.
*   VASCONCELLOS, Marco Antonio Sandoval de; OLIVEIRA, Roberto Guena de; BARBIERI, Fábio. Manual de microeconomia. 3. ed. São Paulo: Atlas, 2011. xiv, 374 p. ISBN 9788522463664, Nº de Exemplares: 7.

## Descrição da Bibliografia Complementar
*   PARKIN, Michael. Economia. 8. ed. São Paulo, SP: Pearson Prentice Hall, 2009. E-book. ISBN 9788588639324.
*   PINHO, Diva Benevides et al. (org.). Manual de economia. 7. ed. São Paulo: Saraiva, 2017. E-book. ISBN 9788547220303.
*   REVISTA BRASILEIRA DE ECONOMIA. Rio de Janeiro: FGV, 1947-. Trimestral. ISSN 1806-9134 versão on-line.
*   TIMM, Luciano Benetti (coord.). Direito e economia no Brasil: estudos sobre a análise econômica do direito. 5. ed. Indaiatuba, SP: Foco, 2023. E-book. ISBN 9786555157734.
*   VARIAN, Hal R.; MACEDO, Regina Coeli Moura de. Microeconomia: uma abordagem moderna. 9. ed. Rio de Janeiro: Elsevier, c2015. E-book. ISBN 9788595155107.
*   VASCONCELLOS, Marco Antonio Sandoval de; BRAGA, Márcio Bobik. Economia: micro e macro: teoria, exercícios e casos. 7. ed. rev. e atual. Barueri, SP: Atlas, 2023. E-book. ISBN 9786559774968."
5,PUC Minas,ECONOMETRIA DE SÉRIES TEMPORAIS E PAINEL,Métodos Quantitativos e Computacionais,Ciencias Economicas,80,,,"# Disciplina: 60642 - ECONOMETRIA DE SÉRIES TEMPORAIS E PAINEL

**Período:** 5

**Turno:** MANHÃ

**Carga Horária:**
*   TEÓRICA 80 h/a (66.66 horas)
*   **TOTAL 80 h/a (66.66 horas)**

---

## Ementa
Modelos multiequacionais de equações simultâneas. Modelos autorregressivos e de defasagens distribuídas. Modelos univariados de séries temporais (ARIMA- autoregressive integrated moving average). Modelos multivariados de séries temporais (VAR- Vetorial Autorregressivo e VEC-Vetorial de Correção de Erros). Causalidade de Granger. Utilização de softwares na modelagem de dados de séries temporais, na estimação de modelos de equações simultâneas e nos modelos autorregressivos e de defasagens distribuídas. Estimativa de dados em painel. Principais testes de especificação para dados em painel.

## Objetivos
O curso tem como objetivo capacitar os alunos a compreender e aplicar técnicas econométricas para a análise de séries temporais e dados em painel. Além disso, os alunos terão a oportunidade de utilizar softwares estatísticos (ex: Python) para aplicar esses métodos em problemas econômicos reais, desenvolvendo habilidades analíticas e críticas essenciais para a pesquisa empírica em economia.

## Métodos Didáticos
O curso adotará métodos didáticos diversificados, incluindo aulas expositivas teóricas e práticas com aplicação em softwares como Python, trabalhos individuais e em grupo para análise de dados reais e apresentação de resultados, pesquisas orientadas em artigos utilizando métodos econométricos e relatórios técnicos, além de exercícios de fixação.

## Unidades de Ensino
**Unidade 0 - Nivelamento**
0.1. Revisão modelo de regressão linear Múltipla sob a ótica da álgebra linear (MQO)
0.2. Método de estimação por Máxima Verossimilhança (MV)
0.3. Outros métodos de estimação, aplicação prática computacional dos métodos de MQO e MV

**Unidade 1 - Introdução às séries temporais**
1.1. Introdução à séries temporais e exemplos de séries temporais em Economia
1.2. Revisão de variáveis aleatórias multivariadas, valor esperado, covariância e correlação
1.3. Função de Autocorrelação (FAC) e Função de Autocorrelação Parcial (FACP)
1.4. Processos estocásticos e estacionariedade (fraca e forte)

**Unidade 2 - Séries Temporais Univariadas**
2.1. Introdução a séries univariadas, ruído branco e passeio aleatório
2.2. Modelo AR(1)
2.3. Modelo AR(p)
2.4. Modelo MA(1)
2.5. Modelo MA(q)
2.6. Modelo ARMA(p,q)
2.7. O problema da identificação e uso da FAC e FACP
2.8. O problema do processo ARMA não estacionário e o teste de raíz unitária (ADF)
2.9. Modelo ARIMA
2.10. Métodos de Estimação, estimação computacional e previsão usando Python

**Unidade 3 - Modelos de Equações Simultâneas**
3.1. Introdução à equações Simultâneas
3.2. Variáveis endógenas versus exógenas
3.3. O problema da identificação do sistema linear
3.4. Impondo restrições e estimação por 2 estágios (2SLS)
3.5. Estimação computacional e previsão usando Python

**Unidade 4 - Séries temporais Multivariadas**
4.1. Introdução a modelos VAR
4.2. Var estrutural e aplicação na equação de PIB e oferta de moeda
4.3. Combinação Linear e séries Cointegradas
4.4. Modelo de Vetor de Correção de Erros (VECM)
4.5. Ilustração do VECM aplicado à Economia e estimação computacional usando Python

**Unidade 5 - Modelos autorregressivos e de defasagens distribuídas**
5.1. Modelo de Koyck
5.2. Modelo de expectativa adaptativa
5.3. Modelo de ajustamento parcial
5.4. Métodos de estimação e aplicação computacional em economia usando Python

**Unidade 6 - Modelos de dados em painel**
6.1. Efeitos fixos
6.2. Efeitos aleatórios
6.3. Teste de Hausman
6.4. Aplicação computacional em economia usando Python

## Processo de Avaliação
1.  Listas de exercícios: 10 pontos
2.  Trabalho final: 10 pontos
3.  Primeira Prova: 25 pontos
4.  Segunda Prova: 25 pontos
5.  Prova Final: 30 pontos
6.  Reavaliação: 30 pontos (a prova de reavaliação substitui a Prova Final ou aquela anterior de menor nota e é destinada a alunos que obtiveram pontuação total entre 30 e 59 pontos ao longo do semestre)

## Descrição da Bibliografia Básica
*   BUENO, Rodrigo de Losso da Silveira. Econometria de séries temporais. 2. ed., rev. e ampl. São Paulo, SP: Cengage Learning, 2012. E-book. ISBN 9788522128259.
*   ECONOMIA APLICADA. São Paulo: USP, Departamento de Economia, 1997-. Trimestral. ISSN 1980-5330 versão on-line.
*   GUJARATI, Damodar N.; PORTER, Dawn C. Econometria básica. 5. ed. Porto Alegre, RS: AMGH, 2011. E-book. ISBN 9788580550511.
*   MORETTIN, Pedro Alberto; TOLOI, Clelia Maria de Castro. Análise de séries temporais: volume 1: modelos lineares univariados. 3. ed. São Paulo: Blucher, 2018. E-book. ISBN 9788521213529.
*   WOOLDRIDGE, Jeffrey M. Introdução à econometria: uma abordagem moderna. 7. ed. São Paulo, SP: Cengage Learning, 2023. E-book. ISBN 9786555584530.

## Descrição da Bibliografia Complementar
*   FERREIRA, Pedro Guilherme Costa (org.). Análise de séries temporais em R: curso introdutório. Rio de Janeiro, RJ: Elsevier, 2018. E-book. ISBN 9788595154902.
*   HILL, R. Carter; GRIFFITHS, William E.; JUDGE, George G. Econometria. 2. ed. São Paulo: Saraiva, 2003. 471 p. ISBN 8502039040, Nº de Exemplares: 2.
*   MORETTIN, Pedro Alberto. Econometria financeira: um curso em séries temporais financeiras. 2. ed. rev. e ampl. São Paulo: Blucher, 2011. E-book. ISBN 9788521211310.
*   MORETTIN, Pedro Alberto; TOLOI, Clelia Maria de Castro. Análise de séries temporais: volume 2: modelos multivariados e não lineares. São Paulo, SP: Blucher, 2020. E-book. ISBN 9786555060065.
*   REVISTA BRASILEIRA DE ECONOMIA. Rio de Janeiro: FGV, 1947-. Trimestral. ISSN 1806-9134 versão on-line.
*   STOCK, James H.; WATSON, Mark W. Econometria. São Paulo, SP: Pearson, 2004. E-book. ISBN 8588639149."
6,PUC Minas,CULTURA RELIGIOSA: FENÔMENO RELIGIOSO,Ciências Sociais e Humanidades,Ciencias Economicas,40,,,"# Disciplina: 54681 - CULTURA RELIGIOSA: FENÔMENO RELIGIOSO

**Período:** 6

**Turno:** MANHÃ

**Carga Horária:**
*   TEÓRICA 40 h/a (33.33 horas)
*   **TOTAL 40 h/a (33.33 horas)**

---

## Ementa
O fenômeno religioso: experiência e linguagem. O fenômeno religioso como experiência específica: limites e possibilidades da experiência de Deus. As categorias fundamentais de interpretação e de linguagem do fenômeno religioso. Narrativas sagradas. A Bíblia em sua formação histórica, cultural e literária; os critérios de interpretação, os temas e as perspectivas de estudo e da experiência mística. O cristianismo e os desafios do diálogo ecumênico e inter-religioso no contexto de um mundo globalizado. História e fundamentos da cultura e tradições religiosas Afro Brasileira e Indígenas. Cenários religiosos contemporâneos.

## Objetivos
**OBJETIVO GERAL**
Analisar a dimensão religiosa do ser humano, reconhecendo a sua importância em favorecer experiências fundamentais nos âmbitos pessoal e social, em vista da construção de sentido existencial, e da promoção de valores morais e éticos do humanismo cristão.

**OBJETIVOS ESPECÍFICOS**
*   Investigar o fenômeno religioso, dentro e fora das tradições religiosas, como experiência pessoal de abertura à transcendência, e como processo de institucionalização e de representação simbólica da fé coletiva.
*   Caracterizar as narrativas e os textos sagrados, apresentados como fonte de estudo, de experiência espiritual e de encontro entre pessoas e tradições religiosas; em particular a Bíblia, por sua relevância na cultura ocidental.
*   Reconhecer a contribuição das tradições e lideranças religiosas, em particular do Cristianismo e de Jesus de Nazaré; como também do diálogo ecumênico e inter-religioso para uma cultura da paz.

## Métodos Didáticos
*   Aulas expositivas dialogadas
*   Estudos de obras e textos
*   Seminário Temático
*   Avaliação Individual e grupo

## Unidades de Ensino
**Unidade 0 - Nivelamento**
Diagnóstico e sondagem sobre os conceitos fundamentais de fenômeno religioso

**Introdução (4h)**
1. Por que Cultura Religiosa na Universidade? Expectativas, Objetivos, Programa, Critérios de Avaliação
2. O *homo religiosus* e a construção do sentido da existência humana

**Unidade I - O Fenômeno Religioso: Experiência e Linguagem (12h)**
1.1. Categorias antropológicas para o estudo do fenômeno religioso: sagrado e profano, símbolo, mito e rito
1.2. Religiosidade: experiência religiosa e experiência de Deus
1.3. Fé, religião e espiritualidade
1.4. As religiões no diálogo com as ciências

**Unidade II - Textos Sagrados: Fontes de Estudo e Experiência Espiritual (12h)**
2.1. Tradições oral e escrita
2.2. Abordagens histórico-crítica e fundamentalista dos textos sagrados
2.3. Formação histórica da Bíblia: 1º e 2º Testamentos
2.4. Hermenêutica e gêneros textuais da Bíblia

**Unidade III - Diálogo Ecumênico e Inter-Religioso: Desafios e Perspectivas (12h)**
3.1. Pluralismo e sincretismo religioso: religiões de matrizes abraâmica, oriental, indígena, africana e afro-brasileira e novos movimentos religiosos
3.2. Trânsito religioso e o fenômeno dos sem religião no Brasil
3.3. Ecumenismo e diálogo inter-religioso: disposições e formas
3.4. Cristianismo no cenário religioso e cultural contemporâneo

## Processo de Avaliação
1.  Trabalho em grupo: 20 pontos
2.  Prova individual da 1ª Unidade: 25 pontos
3.  Prova individual da 2ª Unidade: 25 pontos
4.  Prova final individual: 30 pontos
5.  Reavaliação: 100 pontos (estudantes que não conseguirem o total de 60 pontos, tendo aferido mais que 30 pontos, poderão realizar a Reavaliação no valor de 100 pontos)

## Descrição da Bibliografia Básica
*   ANDRADE, Joachim. Relações ecumênicas e inter-religiosas: construindo uma ponte entre as religiões. Curitiba: Intersaberes, 2019. E-book. ISBN 9788559729368.
*   HORIZONTE: revista de estudos de teologia e ciências da religião da Pontifícia Universidade Católica de Minas Gerais. Belo Horizonte: Ed. PUC Minas, 1997-. 2010-. ISSN 2175-5841 versão on-line.
*   KONINGS, Johan. A palavra se fez livro. 5. ed. São Paulo, SP: Loyola, 2014. 102 p. ISBN 9788515020218, Nº de Exemplares: 34.
*   MEDEIROS, Eduardo Luiz de. Cultura da fé: elementos de comparação entre religiões. Curitiba: Intersaberes, 2020. E-book. ISBN 9786555170214.

## Descrição da Bibliografia Complementar
*   ALVES, Luiz Alberto Souza. Cultura religiosa: caminhos para a construção do conhecimento. Curitiba, PR: Ibpex, 2009. 221 p. ISBN 9788578381882, Nº de Exemplares: 1.
*   BERGER, Peter L. Os múltiplos altares da modernidade: rumo a um paradigma da religião numa época pluralista. Petrópolis, RJ: Vozes, 2017. E-book. ISBN 9788532653604.
*   GERONE JUNIOR, Acyr de. Sociologia da religião: introdução, história, perspectivas e desafios contemporâneos. Curitiba: Intersaberes, 2017. E-book. ISBN 9788559724455.
*   GIL FILHO, Sylvio Fausto. Espaço sagrado: estudos em geografia da religião. Curitiba: Intersaberes, 2012. E-book. ISBN 9788582123447.
*   INTERAÇÕES: cultura e comunidade. Belo Horizonte, MG: PUC Minas, Departamento de Ciências da Religião, 2006-. Semestral. ISSN 1983-2478 versão on-line.
*   SWEETMAN, Brendan. Religião: conceitos-chave em filosofia. Porto Alegre, RS: Penso, 2013. E-book. ISBN 9788565848343."
7,PUC Minas,FINANÇAS PÚBLICAS,Gestão e Políticas Públicas,Ciencias Economicas,40,,,"# Disciplina: 60648 - FINANÇAS PÚBLICAS

**Período:** 7

**Turno:** MANHÃ

**Carga Horária:**
*   TEÓRICA 40 h/a (33.33 horas)
*   **TOTAL 40 h/a (33.33 horas)**

---

## Ementa
Funções de Governo. Teoria dos Bens Públicos. O setor público e os instrumentos de política econômica. A elaboração, a execução e a avaliação do orçamento público. A ação governamental no sistema econômico e as repercussões sobre os agentes e segmentos da economia (consumidores, produtores e mercado), atividades setoriais e a economia global. Financiamento e Eficiência do Gasto Público. Déficit Público. Dívida Pública. Previdência Pública.

## Objetivos
*   Analisar as principais teorias contemporâneas sobre as finanças públicas e sua relação com os demais ramos da ciência econômica
*   Relacionar a teoria das finanças públicas com problemas e políticas públicas concretas no Brasil e no mundo
*   Descrever os problemas e desafios das finanças públicas brasileiras atuais
*   Incentivar que os discentes proponham estratégias para enfrentar questões concretas das finanças públicas nacionais

## Métodos Didáticos
*   Aulas invertidas como metodologia ativa
*   Exposição oral/aulas participativas com formulação de perguntas individuais aos alunos
*   Leitura de textos durante a aula com formulação de perguntas individuais aos alunos
*   Trabalhos em grupo (com atividades extraclasse e em sala de aula) envolvendo pesquisa, diagnóstico e formulação de soluções para problemas concretos de políticas e finanças públicas

## Unidades de Ensino
**Unidade de Nivelamento**
Nivelamento, na qual será revista e reforçada a maneira pela qual o estudo das finanças públicas se insere no campo mais amplo das ciências econômicas e na qual será brevemente descrita a estrutura federativa do governo e das finanças públicas brasileiras.

**Unidade I - Atividade Financeira do Estado e Introdução às Finanças Públicas**

**Unidade II - Funções de governo**

**Unidade III - Bens públicos**

**Unidade IV - Orçamento Público**

**Unidade V - Despesas públicas e o Arcabouço Fiscal da Lei Complementar 200/2023**

**Unidade VI - Dívida Pública e o Programa de Pleno Pagamento de Dívidas dos Estados (Lei Complementar n.º 212/2025)**

**Unidade VII - Previdência Pública**

## Processo de Avaliação
1.  1ª prova individual: 25 pontos
2.  2ª prova individual: 25 pontos
3.  Prova global individual: 30 pontos
4.  Trabalho em grupo: 20 pontos
5.  Reavaliação: 30 pontos (Prova individual de reavaliação em substituição à prova de menor valor ou aquela perdida no semestre)

## Descrição da Bibliografia Básica
*   GIACOMONI, James. Orçamento público. 19. ed. Rio de Janeiro, RJ: Atlas, c2023. E-book. ISBN 9786559775149.
*   GIAMBIAGI, Fabio; ALEM, Ana Claudia. Finanças públicas: teoria e prática no Brasil. 5. ed. rev. e atual. Rio de Janeiro, RJ: Elsevier, 2016. E-book. ISBN 9788595154773.
*   REVISTA TRIBUTÁRIA E DE FINANÇAS PÚBLICAS. São Paulo: Revista dos Tribunais, 2000-. Bimestral. ISSN 1415-6296.
*   RIANI, Flávio. Economia do setor público: uma abordagem introdutória. 6. ed. Rio de Janeiro, RJ: LTC, 2016. E-book. ISBN 9788521632320.

## Descrição da Bibliografia Complementar
*   GIACOMONI, James. Orçamento governamental: teoria, sistema, processo. Rio de Janeiro, RJ: Atlas, 2019. E-book. ISBN 9788597019018.
*   GIAMBIAGI, Fabio; TAFNER, Paulo. A reforma inacabada: o futuro da previdência social no Brasil. Rio de Janeiro, RJ: Alta Books, 2024. E-book. ISBN 9788550823089.
*   MARQUES, Euvaldo. Finanças públicas: administração financeira e orçamentária. São Paulo, SP: Saraiva, 2015. E-book. ISBN 9788502621916.
*   REVISTA BRASILEIRA DE FINANÇAS. Rio de Janeiro: Sociedade Brasileira de Finanças, 2003-. ISSN 1984-5146 versão on-line.
*   ROSEN, Harvey S; GAYER, Ted. Finanças públicas. 10. ed. Porto Alegre, RS: AMGH, 2015. E-book. ISBN 9788580555011."
8,PUC Minas,TEMAS EM ECONOMIA BRASILEIRA,Teoria Econômica,Ciencias Economicas,80,,,"# Disciplina: 60624 - TEMAS EM ECONOMIA BRASILEIRA

**Período:** 8

**Turno:** Virtual

**Carga Horária:**
*   PRÁTICA 40 h/a
*   TEÓRICA 40 h/a
*   **TOTAL 80 h/a (66.66 horas)**

---

## Ementa
Abordagem teórica, histórica e institucional de temas relevantes em Economia Brasileira, considerando sua estrutura produtiva, a demanda do mercado interno e sua inserção no mercado internacional. 1- Estado x Mercado: o debate contextualizado; 2- Privatização; 3- Dinâmica recente do mercado de trabalho; 4- Transição demográfica e seus impactos; 5- Sistema Previdenciário e equilíbrio fiscal; 6- Sistema Nacional de Inovação; 7- Abertura econômica e padrão do comércio internacional; 8- Internacionalização de empresas; 9- Blocos Econômicos e o caso do Mercosul.

## Objetivos
*   Sintetizar os impactos das transformações institucionais, demográficas e produtivas da economia brasileira sobre sua inserção internacional, o equilíbrio fiscal e as estratégias de desenvolvimento econômico.
*   Analisar os principais temas da Economia Brasileira contemporânea, tais como o debate Estado versus mercado, a dinâmica do mercado de trabalho, as políticas econômicas, o histórico de inflação persistente, a evolução do déficit público, dentre outros.

## Métodos Didáticos
*   Fórum com questões atuais da economia brasileira
*   Trabalhos individuais
*   Trabalho em grupo
*   Aula expositiva por meio de vídeos
*   Pesquisa orientada

## Unidades de Ensino
**Unidade 1 (25 horas-aula)**
1. Estado x Mercado: o debate contextualizado
2. Privatização
3. Dinâmica recente do mercado de trabalho
4. Transição demográfica e seus impactos

**Unidade 2 (30 horas-aula)**
5. Sistema Previdenciário e equilíbrio fiscal
6. Sistema Nacional de Inovação
7. Abertura econômica e padrão do comércio internacional

**Unidade 3 (25 horas-aula)**
8. Internacionalização de empresas
9. Blocos Econômicos e o caso do Mercosul

## Processo de Avaliação
1.  Atividades avaliativas intermediárias: 40,00 pontos
2.  Provas intermediárias (2 provas): 15,00 pontos cada uma (Total: 30,00 pontos)
3.  Prova Global: 30,00 pontos
4.  Reavaliação: 100,00 pontos (aplicada a todos os alunos que não conseguiram atingir os 60,00 pontos após a prova global)

## Descrição da Bibliografia Básica
*   GREMAUD, Amaury Patrick et al. Economia brasileira contemporânea. 9. ed. Rio de Janeiro, RJ: Atlas, 2024. E-book. ISBN 9786559776450.
*   KON, Anita; BORELLI, Elizabeth (org.). Aportes ao desenvolvimento da economia brasileira. São Paulo, SP: Blucher, 2015. E-book. ISBN 9788580391237.
*   NOVA ECONOMIA. Belo Horizonte: UFMG, Departamento de Ciências Econômicas, 1990-. Semestral. ISSN 1980-5381 versão on-line.
*   SOUZA, Jobson Monteiro de; MACHADO, Luiz Henrique Mourão (org.). Economia brasileira. 2. ed. São Paulo, SP: Pearson, c2020. E-book. ISBN 9788570160577.

## Descrição da Bibliografia Complementar
*   BRUM, Argemiro J. Desenvolvimento econômico brasileiro. 30. ed. Ijuí, RS: Unijuí; Petrópolis, RJ: Vozes, 2020. E-book. ISBN 9786586074468.
*   MARQUES, Rosa Maria; FERREIRA, Mariana Ribeiro Jansen (org.). O Brasil sob a nova ordem: a economia brasileira contemporânea: uma análise dos governos Collor a Lula. São Paulo: Saraiva, 2010. E-book. ISBN 9788502125551.
*   MELLO, João Manuel Cardoso de. O capitalismo tardio: contribuição a revisão critica da formação e do desenvolvimento da economia brasileira. 3a ed. São Paulo: Brasiliense, 1984. 182 p. Nº de Exemplares: 2.
*   REVISTA BRASILEIRA DE ECONOMIA. Rio de Janeiro: FGV, 1947-. Trimestral. ISSN 1806-9134 versão on-line.
*   SA, Jayme Magrassi de. Aspectos da economia brasileira. Rio de Janeiro: Alba, 1970. 198 p. Nº de Exemplares: 1.
*   VELOSO, Fernando A. et al. (org.). Desenvolvimento econômico: uma perspectiva brasileira. Rio de Janeiro, RJ: Atlas, c2013. E-book. ISBN 9788595154759."
4,UFMG,ESTADO E POLÍTICAS SOCIAIS B,Gestão e Políticas Públicas,Gestão Publica,60,Geralda Luiza de Miranda,Doutorado,
